lyapunov,spectral_entropy,spectral_flatness,mode_count,final_C,mean_C,final_S,mean_S,condition,seed,total_reward,reward_mean,reward_std,episode_length
-1.0435104206305077,3.5143363475733596,0.3426578299513816,2,0.35620211538624946,0.2748314823417561,8.670551792437934,5.541085918834581,random_order,0,268.58702180997324,2.685870218099733,2.5901151936243565,100
-1.3522230846811505,3.494266653542173,0.3319731616265625,2,0.16385764979459402,0.23295390065677682,7.670551792437934,6.194812306508607,random_order,1,228.42413634787462,2.284241363478746,2.268837439028308,100
-1.6053118576495882,3.514934398759867,0.3417677746296418,2,0.0,0.2346496048403283,0.0,6.524240657962185,random_order,2,226.95241998262213,2.2695241998262214,2.210797874196795,100
-1.1233665489795588,3.4410180732871467,0.3362995979592219,2,0.0,0.2563698860968476,0.0,5.848226673430413,random_order,3,250.84007596772966,2.5084007596772966,2.5778662824310965,100
-1.2286688436999889,3.513847526102298,0.34373007978675607,2,0.42375428390856,0.23306794600286693,6.670551792437934,5.61085871806958,random_order,4,224.92159347226726,2.249215934722672,2.477675637018525,100
-1.8610531895898008,3.005315429420991,0.24041682819101712,2,0.4331992703209424,0.5182770233989364,11.638418901976559,10.331639424504251,trained_order,0,518.2770233989364,5.182770233989364,1.577044637300344,100
-1.0944339537774745,3.4006310392053134,0.30092918541257346,2,0.0,0.4299363822880487,0.0,6.639912132035372,trained_order,1,428.20342534726035,4.282034253472603,2.764946164117105,100
-1.944910190402739,1.8315256223221228,0.11045332144442924,6,0.3738040633804451,0.47854574467312494,11.638418901976559,11.274691405638578,trained_order,2,478.545744673125,4.7854574467312485,0.8098718135588949,100
-1.1257692000049502,3.382356111176023,0.28685717035666236,2,0.5797850898523911,0.4464743046238423,6.670551792437934,7.67456284728308,trained_order,3,444.81043820318035,4.4481043820318025,2.3486202826147484,100
-0.66326962208782,2.4029828587883775,0.1160426491814724,2,0.6747579204196715,0.29227331711181415,7.670551792437934,3.8534948160391598,trained_order,4,292.27331711181415,2.922733171118142,2.7646308404634024,100
-1.0435104206305077,3.5143363475733596,0.3426578299513816,2,0.35620211538624946,0.2748314823417561,8.670551792437934,5.541085918834581,random_life,0,292.2943997932693,2.9229439979326926,2.7516102857066533,100
-1.3522230846811505,3.494266653542173,0.3319731616265625,2,0.16385764979459402,0.23295390065677682,7.670551792437934,6.194812306508607,random_life,1,253.72829153594495,2.53728291535945,2.4293877233275514,100
-1.6053118576495882,3.514934398759867,0.3417677746296418,2,0.0,0.2346496048403283,0.0,6.524240657962185,random_life,2,254.27114811283784,2.5427114811283786,2.3760887275895843,100
-1.1233665489795588,3.4410180732871467,0.3362995979592219,2,0.0,0.2563698860968476,0.0,5.848226673430413,random_life,3,274.1319921862734,2.7413199218627335,2.7457368865107377,100
-1.2286688436999889,3.513847526102298,0.34373007978675607,2,0.42375428390856,0.23306794600286693,6.670551792437934,5.61085871806958,random_life,4,245.75358926864914,2.457535892686491,2.6429217277896706,100
-1.9753597783274701,1.459670739909689,0.07715090155190658,2,0.620335142907043,0.565049923097546,11.638418901976559,11.274691405638578,trained_life,0,621.4233801257387,6.214233801257389,0.9711055591430406,100
-3.1441687149983664,1.6299825207177174,0.04332084970832537,5,0.2088619184290688,0.14464660834462792,11.638418901976559,11.274691405638578,trained_life,1,168.29876116109716,1.6829876116109719,1.0570179928453047,100
-0.9787963804381326,3.5134846890596947,0.34898179818391767,2,0.0,0.3686982801734078,0.0,6.165041391195436,trained_life,2,398.24946364576033,3.9824946364576017,2.798946268808177,100
-1.5676097651671959,3.1930310293874036,0.220000827183923,2,0.0,0.40751844295169143,0.0,7.512353296902052,trained_life,3,441.1775786508537,4.411775786508538,2.432225753209146,100
-1.8756164487531213,1.761546337195093,0.093853412988905,2,0.4898398291521633,0.457097185909069,11.638418901976559,10.693978021836267,trained_life,4,510.56707601824996,5.1056707601825035,1.3407284683314182,100
-2.978262708569644,2.1446256452333023,0.11500177857367769,2,0.208963887992981,0.2797636668686176,11.062869215216693,9.504125727967539,shuffled_life,0,44.75472793920862,0.44754727939208616,0.30212197720113015,100
-0.3864156035865569,3.4172409416796894,0.3183459134539753,2,0.6582600132445909,0.20324410704236143,6.670551792437934,2.093720680662971,shuffled_life,1,49.85308264688862,0.498530826468886,0.30446922235116375,100
-0.4877274375139666,3.3653708724188927,0.28235451636265874,2,0.0,0.23667688716345084,0.0,2.9291806278455663,shuffled_life,2,52.71481098415426,0.5271481098415426,0.2998057028377387,100
-1.2774581791300696,3.4174410260354686,0.28440128712614615,2,0.4851012375801858,0.3956736356317745,8.670551792437934,5.812838493105445,shuffled_life,3,50.13356746966893,0.5013356746966893,0.28771367042979357,100
-1.1026418942219043,3.013412775641982,0.1849085169778052,2,0.6179305836113802,0.20114013061242964,8.25551429315909,5.340541665663485,shuffled_life,4,50.89950395903419,0.5089950395903419,0.2833950550757965,100
-inf,0.0,0.0,1,0.06842208279951065,0.06842208279951065,6.670551792437934,6.670551792437932,constant_reward,0,0.0,0.0,0.0,100
-inf,0.0,0.0,1,0.08920132627148955,0.08920132627148954,6.670551792437933,6.670551792437931,constant_reward,1,0.0,0.0,0.0,100
-inf,0.0,0.0,1,0.10783994269295308,0.10783994269295308,6.670551792437934,6.670551792437932,constant_reward,2,0.0,0.0,0.0,100
-inf,0.0,0.0,1,0.05356482323307239,0.053564823233072406,6.670551792437934,6.670551792437932,constant_reward,3,0.0,0.0,0.0,100
-inf,0.0,0.0,1,0.11429152635798623,0.11429152635798623,6.670551792437933,6.670551792437931,constant_reward,4,0.0,0.0,0.0,100
