born,c_best,c_mean_overall,clan_c_means,dead,generation,manager,stage,time_sec
,,0.4911,"[0.5216, 0.4891, 0.4819, 0.4719]",,1,,clans,24.2
,,0.5256,"[0.5287, 0.5263, 0.489, 0.5583]",,2,,clans,23.3
,,0.5754,"[0.5687, 0.595, 0.5226, 0.6153]",,3,,clans,23.4
,,0.6332,"[0.6062, 0.6558, 0.5794, 0.6913]",,4,,clans,22.9
,,0.6605,"[0.6387, 0.6842, 0.6101, 0.709]",,5,,clans,23.2
,,0.6667,"[0.6395, 0.6946, 0.6223, 0.7106]",,6,,clans,22.9
,,0.6793,"[0.6455, 0.7223, 0.6251, 0.7242]",,7,,clans,23.6
,,0.6919,"[0.6453, 0.7378, 0.656, 0.7284]",,8,,clans,23.4
,,0.6954,"[0.6414, 0.7482, 0.6646, 0.7272]",,9,,clans,23.3
,,0.6917,"[0.6361, 0.7448, 0.6644, 0.7215]",,10,,clans,23.0
,,0.6872,"[0.6307, 0.7383, 0.6669, 0.7129]",,11,,clans,24.0
,,0.6832,"[0.6253, 0.7362, 0.6676, 0.7037]",,12,,clans,23.2
,,0.678,"[0.6195, 0.7317, 0.667, 0.6937]",,13,,clans,23.2
,,0.6739,"[0.6144, 0.7272, 0.6669, 0.6871]",,14,,clans,23.0
,,0.6702,"[0.6093, 0.7205, 0.668, 0.6829]",,15,,clans,23.4
,,0.6675,"[0.6049, 0.717, 0.6679, 0.6803]",,16,,clans,22.3
,,0.6646,"[0.6025, 0.7132, 0.6659, 0.677]",,17,,clans,23.6
,,0.6621,"[0.6015, 0.7085, 0.6649, 0.6735]",,18,,clans,23.2
,,0.6596,"[0.5998, 0.7038, 0.665, 0.6697]",,19,,clans,23.3
,,0.6565,"[0.5978, 0.7001, 0.6626, 0.6653]",,20,,clans,23.5
,,0.6538,"[0.5959, 0.6963, 0.6621, 0.6608]",,21,,clans,23.3
,,0.652,"[0.5941, 0.6966, 0.6607, 0.6566]",,22,,clans,23.6
,,0.6509,"[0.591, 0.6996, 0.6606, 0.6524]",,23,,clans,23.4
,,0.6504,"[0.5894, 0.7053, 0.6588, 0.6482]",,24,,clans,22.7
,,0.649,"[0.5887, 0.7068, 0.6556, 0.6449]",,25,,clans,22.6
G5,0.7181,0.6955,,K1_G21,26,K3_G5,final,5.7
G6,0.7154,0.6815,,G5,27,K3_G5,final,5.9
G7,0.7123,0.6822,,G6,28,K3_G5,final,5.7
G8,0.7108,0.6816,,G7,29,K3_G5,final,5.8
G9,0.7079,0.6803,,G8,30,K3_G5,final,5.6
G10,0.7046,0.6783,,G9,31,K3_G5,final,5.8
G11,0.7016,0.6766,,G10,32,K3_G5,final,6.0
G12,0.7004,0.6745,,C0_A3,33,K3_G5,final,6.0
G13,0.6982,0.6715,,G12,34,K3_G5,final,5.8
G14,0.6962,0.6682,,G13,35,K3_G5,final,5.9
G15,0.6938,0.6651,,K2_G8,36,K3_G5,final,5.7
G16,0.6924,0.6644,,G15,37,K3_G5,final,5.7
G17,0.691,0.6625,,G16,38,K3_G5,final,5.0
G18,0.6898,0.6605,,G14,39,K3_G5,final,5.1
G19,0.6897,0.66,,G18,40,K3_G5,final,5.0
G20,0.69,0.6591,,G19,41,K3_G5,final,5.1
G21,0.6899,0.658,,G20,42,K3_G5,final,5.2
G22,0.6901,0.6569,,G21,43,K3_G5,final,5.1
G23,0.6908,0.6559,,G22,44,K3_G5,final,4.9
G24,0.6909,0.6547,,G23,45,K3_G5,final,4.3
G25,0.6913,0.6526,,G24,46,K3_G5,final,4.3
G26,0.6916,0.6506,,G25,47,K3_G5,final,4.3
G27,0.6923,0.6483,,G26,48,K3_G5,final,4.3
G28,0.6934,0.6466,,G27,49,K3_G5,final,4.3
G29,0.6938,0.6448,,G28,50,K3_G5,final,4.3
