seed,total_reward,mean_reward,final_coherence,mean_coherence,max_coherence,mean_entropy,final_alive,mean_alive,births,deaths,splits,merges,extinct_steps,mean_pairwise_cosine,runtime_sec,algorithm,complexity,branches,observation_mode,reward_mode,train_steps,enable_merge_split,target_coherence,use_branch_signs,uniform_action_penalty,similarity_penalty,energy_gain
0,112.88239036140783,1.1288239036140784,0.18763248251853376,0.22576478072281564,0.4119817716677116,0.9922516354342069,608,190.55,600,32,0,0,0,0.21742886324734337,0.4169499999843538,random,c,40,global,coherence,100000,0,0.5,1,0.5,0.3,0.05
1,118.91386540568413,1.1891386540568414,0.28603427164389034,0.23782773081136824,0.4785384996146619,0.9925275000908345,563,161.48,573,50,0,0,0,0.2290998853809483,0.3235909000504762,random,c,40,global,coherence,100000,0,0.5,1,0.5,0.3,0.05
2,117.25496650137075,1.1725496650137075,0.2973192034906038,0.23450993300274148,0.3482030471473557,0.9929600046183892,582,176.34,565,23,0,0,0,0.2263012432244847,0.3456225999398157,random,c,40,global,coherence,100000,0,0.5,1,0.5,0.3,0.05
3,114.46946053663888,1.1446946053663887,0.09981949939039257,0.22893892107327776,0.40569657781904395,0.9939312405960331,411,154.76,382,11,0,0,0,0.22017163876318221,0.309380300110206,random,c,40,global,coherence,100000,0,0.5,1,0.5,0.3,0.05
4,68.49401878815756,0.6849401878815756,0.27525911414316545,0.1369880375763151,0.32599011782389786,0.988486563809447,218,77.45,196,18,0,0,0,0.12191193937750136,0.1570926000131294,random,c,40,global,coherence,100000,0,0.5,1,0.5,0.3,0.05
5,103.9572258571881,1.039572258571881,0.14910260717891,0.20791445171437622,0.39692179883739137,0.9928412820325713,399,146.31,379,20,0,0,0,0.19901370034150798,0.2834628999698907,random,c,40,global,coherence,100000,0,0.5,1,0.5,0.3,0.05
6,85.74394479459019,0.8574394479459019,0.14685491504131296,0.17148788958918038,0.32013692780697606,0.9908419857741961,307,114.24,287,20,0,0,0,0.1599504533921567,0.22433370002545416,random,c,40,global,coherence,100000,0,0.5,1,0.5,0.3,0.05
7,110.2828013339229,1.102828013339229,0.13496338636885552,0.22056560266784583,0.44326972976670914,0.9945832968931341,395,152.53,367,12,0,0,0,0.21279880900191184,0.3034472999861464,random,c,40,global,coherence,100000,0,0.5,1,0.5,0.3,0.05
8,72.78678262187007,0.7278678262187007,0.2918109302340727,0.14557356524374016,0.36142609010751114,0.9894139624605852,223,88.49,198,15,0,0,0,0.1330317475499239,0.17857569991610944,random,c,40,global,coherence,100000,0,0.5,1,0.5,0.3,0.05
9,111.69979780977528,1.1169979780977528,0.175778201788763,0.22339959561955056,0.3681508887435177,0.99178056436766,559,177.5,542,23,0,0,0,0.21398797369544717,0.3440518999705091,random,c,40,global,coherence,100000,0,0.5,1,0.5,0.3,0.05
0,278.57658876231324,2.7857658876231324,0.6033044789157278,0.5571531775246263,0.6308438097390782,0.996318197489681,640,317.09,600,0,0,0,0,0.5527171214246175,0.7536866000154987,ppo,c,40,global,coherence,100000,0,0.5,1,0.5,0.3,0.05
1,302.03556590578415,3.0203556590578415,0.6476115808985194,0.6040711318115682,0.6487292763643463,0.9962704371674417,640,335.13,601,1,0,0,0,0.600403033426591,0.8512428000103682,ppo,c,40,global,coherence,100000,0,0.5,1,0.5,0.3,0.05
2,332.9448315693789,3.329448315693789,0.5591069421458192,0.6658896631387577,0.8618065149847214,0.9942224916401937,640,355.78,613,13,0,0,0,0.661234216032902,0.71618510002736,ppo,c,40,global,coherence,100000,0,0.5,1,0.5,0.3,0.05
3,294.22847370623504,2.94228473706235,0.6136470039713413,0.58845694741247,0.6741241828470778,0.9960954742018033,640,324.52,601,1,0,0,0,0.5841620990103135,0.7008979999227449,ppo,c,40,global,coherence,100000,0,0.5,1,0.5,0.3,0.05
4,245.04660597737416,2.4504660597737415,0.4795720203826013,0.4900932119547482,0.8412551757505615,0.9927485893948468,640,331.95,614,14,0,0,0,0.4843255551998788,0.6679370000492781,ppo,c,40,global,coherence,100000,0,0.5,1,0.5,0.3,0.05
5,292.17432505030274,2.9217432505030274,0.6576181487918896,0.5843486501006057,0.8610828187751441,0.992372283769724,640,340.31,613,13,0,0,0,0.579037773418716,0.6869860000442713,ppo,c,40,global,coherence,100000,0,0.5,1,0.5,0.3,0.05
6,268.8934059809097,2.688934059809097,0.4557329849289103,0.5377868119618194,0.8791899028706024,0.9921269571640772,640,348.33,617,17,0,0,0,0.5327337928404228,0.7020184000721201,ppo,c,40,global,coherence,100000,0,0.5,1,0.5,0.3,0.05
7,290.9087248104076,2.909087248104076,0.5647938514144506,0.581817449620815,0.6460101366523021,0.9963210550474011,639,331.67,601,2,0,0,0,0.5778798833491435,0.6634182999841869,ppo,c,40,global,coherence,100000,0,0.5,1,0.5,0.3,0.05
8,299.43768843929604,2.9943768843929606,0.6586416346963646,0.5988753768785919,0.878667872498112,0.9932482904369,640,352.75,614,14,0,0,0,0.5942426910836857,0.7078930999850854,ppo,c,40,global,coherence,100000,0,0.5,1,0.5,0.3,0.05
9,302.2855119213069,3.022855119213069,0.5989522905747426,0.6045710238426139,0.7858537829021985,0.9936111099793054,640,336.34,613,13,0,0,0,0.5992589268426187,0.6735184999415651,ppo,c,40,global,coherence,100000,0,0.5,1,0.5,0.3,0.05
0,278.3092446051898,2.783092446051898,0.5741982133314592,0.5566184892103796,0.6218419441351938,0.9963642395536424,640,322.25,601,1,0,0,0,0.5522798439023663,19.668969899998046,mcts,c,40,global,coherence,100000,0,0.5,1,0.5,0.3,0.05
1,289.2554771528264,2.892554771528264,0.6026139393604744,0.5785109543056529,0.61301862430241,0.9962604630193342,640,331.19,600,0,0,0,0,0.5747743443723423,20.048624800052494,mcts,c,40,global,coherence,100000,0,0.5,1,0.5,0.3,0.05
2,279.2160751960949,2.792160751960949,0.5863613172185592,0.5584321503921896,0.6400233059419013,0.9959001938774231,640,332.25,602,2,0,0,0,0.5540820532698091,20.188144300016575,mcts,c,40,global,coherence,100000,0,0.5,1,0.5,0.3,0.05
3,279.8813487215303,2.7988134872153028,0.610620018837527,0.5597626974430606,0.6383386113504796,0.9961818725899948,640,314.55,601,1,0,0,0,0.55526396228343,19.171309800003655,mcts,c,40,global,coherence,100000,0,0.5,1,0.5,0.3,0.05
4,233.94226561123125,2.3394226561123124,0.6067316608289051,0.46788453122246265,0.6094590540287262,0.9943678950360304,640,289.12,607,7,0,0,0,0.4616998876770117,17.606732000014745,mcts,c,40,global,coherence,100000,0,0.5,1,0.5,0.3,0.05
5,275.42644357821433,2.7542644357821433,0.6247831487568775,0.5508528871564288,0.6304093287516666,0.9961463704621751,640,304.41,600,0,0,0,0,0.5460416944830374,18.490246400004253,mcts,c,40,global,coherence,100000,0,0.5,1,0.5,0.3,0.05
6,230.27406834358825,2.3027406834358826,0.5687614679769787,0.4605481366871766,0.5687614679769787,0.9948257773651668,640,282.65,604,4,0,0,0,0.4546024127137216,17.25535440002568,mcts,c,40,global,coherence,100000,0,0.5,1,0.5,0.3,0.05
7,272.58860806342295,2.7258860806342295,0.5728327760384141,0.5451772161268459,0.5940394736071868,0.9963124085203637,640,325.75,600,0,0,0,0,0.5409998633271829,19.74132729996927,mcts,c,40,global,coherence,100000,0,0.5,1,0.5,0.3,0.05
8,264.8155163616761,2.648155163616761,0.6001952218150008,0.5296310327233522,0.6078228908465713,0.9950630725505104,640,319.62,601,1,0,0,0,0.5249835429269312,19.47311030002311,mcts,c,40,global,coherence,100000,0,0.5,1,0.5,0.3,0.05
9,269.6617799606016,2.6966177996060163,0.6686894871013708,0.5393235599212032,0.6952274903851234,0.995501574513257,640,293.63,606,6,0,0,0,0.5335637226508326,17.953607200062834,mcts,c,40,global,coherence,100000,0,0.5,1,0.5,0.3,0.05
