seed,total_reward,mean_reward,final_coherence,mean_coherence,max_coherence,mean_entropy,final_alive,mean_alive,births,deaths,extinct_steps,mean_pairwise_cosine,runtime_sec,algorithm,complexity,branches,observation_mode,reward_mode,train_steps,target_coherence,use_branch_signs,uniform_action_penalty,similarity_penalty,energy_gain
0,119.96897224264241,1.199689722426424,0.18988909442730978,0.23993794448528485,0.5313967614362735,0.9920820303748386,309,100.98,307,18,0,0.22520062898255755,0.20185390004189685,random,c,20,global,coherence,50000,0.5,1,0.5,0.3,0.05
1,136.92850802742652,1.369285080274265,0.3025096755512459,0.2738570160548531,0.5052391007730372,0.9915827528466304,393,106.02,405,32,0,0.2587971126719658,0.21338359999936074,random,c,20,global,coherence,50000,0.5,1,0.5,0.3,0.05
2,106.00049783265628,1.0600049783265628,0.3014311355621392,0.2120009956653126,0.36090817159533334,0.9911241394901376,262,83.02,253,11,0,0.19493994735690193,0.16767389996675774,random,c,20,global,coherence,50000,0.5,1,0.5,0.3,0.05
0,310.18220638564816,3.1018220638564817,0.5103228304755513,0.6203644127712963,0.7209374710210623,0.995221585667629,640,267.74,624,4,0,0.61301607270317,0.7324795000022277,ppo,c,20,global,coherence,50000,0.5,1,0.5,0.3,0.05
1,264.4603729231141,2.6446037292311413,0.3961410666284588,0.5289207458462283,0.6956835110307938,0.9946826731100603,640,233.15,625,5,0,0.5201175372677685,0.7248728999984451,ppo,c,20,global,coherence,50000,0.5,1,0.5,0.3,0.05
2,291.11067288353337,2.9111067288353336,0.5073770831809413,0.5822213457670667,0.8569536901799448,0.9931485917587416,640,298.6,625,5,0,0.573625334660094,0.9038164999801666,ppo,c,20,global,coherence,50000,0.5,1,0.5,0.3,0.05
0,287.03607923260546,2.870360792326055,0.5862856044815478,0.574072158465211,0.617065641816651,0.9958998188449025,640,251.93,620,0,0,0.5669492296813752,20.835006699955557,mcts,c,20,global,coherence,50000,0.5,1,0.5,0.3,0.05
1,297.4556009711065,2.974556009711065,0.6305268242246149,0.594911201942213,0.6417152439870047,0.9952603749580199,640,255.29,621,1,0,0.587564322760718,21.1856262999936,mcts,c,20,global,coherence,50000,0.5,1,0.5,0.3,0.05
2,277.27732266474936,2.7727732266474936,0.6139854241543137,0.5545546453294985,0.654598722144723,0.994824389630595,640,262.58,623,3,0,0.5459882634961337,22.195228900003713,mcts,c,20,global,coherence,50000,0.5,1,0.5,0.3,0.05
